r_ratio,sag_ratio,q_dis_norm,dod,eta_c,eta_stale,ca_ratio,cv_frac,ic_peak_h,ic_peak_v,ica_stale,t_mean,ln_tfull,ocv_err,efc,st_total_per_day,st_float,f_dod50,f_lowsoc,age_years,soh_true,rul_efc_true,battery_id,cycle_idx,t_end_s
,,1.6863835,0.26634076,0.4997277,0.0,,0.5053061,,,1.0,40.932697,1.2510121,,1.6863835304846313,2.461662492126889,2.206718992970427,0.0,0.0,0.010423706240487062,98.58366,,0,0,328722.0
1.2654799,1.5847446,0.68956304,0.48703134,0.5317601,0.0,1.0005593,0.3955749,,,1.0,36.027905,0.38144433,-0.49693415,2.3759465822981483,1.727790977301496,2.9543233330520797,0.0,0.0,0.019535610096397767,97.997955,,0,1,616075.0
,0.64162344,0.09853925,0.09853925,0.5317601,0.033333335,0.96475774,0.99925417,,,1.0,33.11163,0.06971175,,2.474485830843382,1.644420013844173,3.0786794288243704,0.0,0.0,0.02131012176560122,97.841034,,0,2,672036.0
0.7278492,0.9006112,0.33939078,0.3393613,0.40832135,0.0,0.999284,0.5509937,,,1.0,38.516518,0.099122345,,2.8138766031259754,1.7365712163356133,3.181161277130858,0.0,0.0,0.023519913749365805,97.57712,,0,3,741724.0
,1.0741012,0.37004894,0.1706462,0.53429055,0.0,1.0001614,0.67538655,,,1.0,40.49751,0.29506794,,3.1839255545652576,1.7399360944839475,3.320193327455586,0.0,0.0,0.026484176813800102,97.28509,,0,4,835205.0
,0.84216017,0.16917527,0.16917527,0.526828,0.0,0.99965185,0.6112089,,,1.0,29.696066,0.056389086,,3.3531008150692583,1.7323739533967086,3.3884147078698055,0.0,0.0,0.02725919583967529,97.174614,,0,5,859646.0
,1.0388491,0.1863503,0.20022535,0.53348434,0.0,0.9998181,0.68626815,,,1.0,35.95657,0.09914331,,3.5394511161211346,1.7245009044618482,3.8939115454583533,0.0,0.0,0.029722919837645866,96.936035,,0,6,937342.0
0.9254238,1.1851398,1.0954975,0.34011462,0.5169616,0.0,1.0006639,0.48491144,,,1.0,38.25527,0.8769289,,4.634948663206423,1.5141554822235508,4.599997763123835,0.0,0.0,0.04265934170471842,95.96712,,0,7,1345305.0
,1.0740069,0.24226795,0.24226597,0.41064754,0.0,0.9997386,0.6166419,,,1.0,39.461334,0.09650896,,4.8772166123506615,1.523224806809928,4.747199399706771,0.0,0.0,0.04528500761035008,95.56467,,0,8,1428108.0
1.0053309,1.231909,0.55699456,0.37674952,0.45194253,0.0,1.0003786,0.5393789,,,1.0,37.34079,0.39504838,,5.434211162549812,1.5194955625828697,5.818706557910436,0.0,0.0,0.05083929477422628,95.082184,,0,9,1603268.0
,0.84191513,0.20593958,0.20593958,0.524012,0.0,1.0001374,0.49920973,,,1.0,29.603893,0.095026046,,5.640150741964918,1.517902174685467,5.940852505664501,0.0,0.0,0.05180565068493151,94.91854,,0,10,1633743.0
,0.83340293,0.21378824,0.21378465,0.52492434,0.0,0.99972564,0.46739668,,,1.0,26.99355,0.09913283,,5.853938980385872,1.4563028482524125,6.027840052183168,0.0,0.0,0.054839928970065954,94.78667,,0,11,1729432.0
0.95510364,1.0155729,0.32466277,0.32466277,0.58116186,0.0,1.0006567,0.34977895,,,1.0,30.782755,0.099122345,,6.178601762158342,1.428276083944676,6.136394333491959,0.0,0.0,0.05729743784880771,94.646675,,0,12,1806932.0
0.9625952,0.91252524,0.5352667,0.2189512,0.47163093,0.0,0.99984944,0.47020224,,,1.0,37.744717,0.5212159,,6.713868463873833,1.4789251350603743,6.944918852117267,0.0,0.0,0.05997824708269914,94.18655,,0,13,1891474.0
,0.8918605,0.15304835,0.15304835,0.6164506,0.0,1.0001191,0.88061583,,,1.0,34.30763,0.09917476,,6.866916821698451,1.4836224365712654,7.141528234091383,0.0,0.0,0.0614261796042618,94.083496,,0,14,1937136.0
,0.77058566,0.19683483,0.19683483,0.5402736,0.0,1.0000446,0.52756125,,,1.0,32.209797,0.05136621,,7.063751660854956,1.4599466362991607,7.250919942267691,0.0,0.0,0.06336510654490106,93.93127,,0,15,1998282.0
,0.9578607,0.1826178,0.18261658,0.53526956,0.0,1.0003687,0.6792002,,,1.0,38.706955,0.099122345,,7.246369455357795,1.4800810823233757,7.423341218463818,0.0,0.0,0.06438448122780314,93.83242,,0,16,2030429.0
,0.89846456,0.16887052,0.16887052,0.5189765,0.0,1.0000091,0.6412784,,,1.0,31.484558,0.09639335,,7.415239979676956,1.4254117842736624,7.562046750162994,0.0,0.0,0.06791929857940132,93.6129,,0,17,2141903.0
0.9249444,0.94159997,0.32472172,0.32471597,0.55962366,0.0,0.99980915,0.35073027,,,1.0,30.948214,0.099122345,,7.739961705898822,1.4002484820775902,7.633223560814356,0.0,0.0,0.07074086757990868,93.47493,,0,18,2230884.0
0.92824465,0.90796983,0.25911835,0.25911093,0.4371018,0.0,1.000625,0.5986929,,,1.0,36.398735,0.09913283,,7.999080064764217,1.3647942739841012,7.717819406719055,0.0,0.0,0.07550120497209538,93.08781,,0,19,2381006.0
0.7962536,0.94728255,0.25693727,0.25693068,0.5566555,0.0,1.0007079,0.40790105,,,1.0,28.272223,0.099122345,,8.256017341007206,1.3112703698398878,7.837739904737246,0.0,0.0,0.0796886732623034,92.96294,,0,20,2513062.0
,,0.2704365,0.27043518,0.593947,0.0,,0.3455464,,,1.0,35.012936,3.472162e-05,,0.27043650773393135,2.058477683852866,0.02477780561202824,0.0,0.0,0.0007213977676306443,100.0,,1,0,22750.0
,1.052459,0.23939516,0.23942177,0.5282419,0.0,1.0009185,0.5404017,,,1.0,38.358208,0.099122345,,0.5098316619975267,2.3661241748356625,0.7030419328600598,0.0,0.0,0.002498890157280568,99.727165,,1,1,78805.0
1.0987657,1.1249727,0.29993293,0.29992944,0.54619795,0.0,0.9998535,0.38577235,,,1.0,37.319126,0.099122345,,0.8097645874190009,1.3811175218689191,1.466649331854071,0.0,0.0,0.007464294774226281,99.29543,,1,2,235394.0
,1.1370013,0.23971786,0.23971775,0.5757558,0.0,1.0001644,0.40268716,,,1.0,37.293324,0.03165791,,1.0494824487126213,1.4806775046099365,1.5375740392404036,0.0,0.0,0.008224093099949264,99.15467,,1,3,259355.0
,0.87350017,0.13374269,0.13374269,0.5683792,0.0,1.0004867,0.6797572,,,1.0,31.90255,0.099153794,,1.1832251458517022,1.4418082500686502,1.6643799977154878,0.0,0.0,0.009407946473871132,99.00545,,1,4,296689.0
1.122469,1.0542601,0.28820214,0.2881968,0.5931005,0.0,1.0001198,0.329932,,,1.0,34.191093,0.09913283,,1.4714272879871282,1.3761147665289193,1.834852998217787,0.0,0.0,0.011363330796549975,98.85477,,1,5,358354.0
1.0913713,1.1422037,0.63521147,0.20570192,0.44252363,0.0,1.0004042,0.51872474,,,1.0,37.711452,0.6694662,,2.1066387586733195,1.586087814473507,2.3566349374506945,0.0,0.0,0.015073661846778285,98.23887,,1,6,475363.0
1.1655844,1.2316222,0.33356002,0.3335598,0.6346053,0.0,1.0002939,0.32481575,,,1.0,37.96562,0.09300323,,2.4401987709629527,1.6376595634078461,2.5295298465161276,0.0,0.0,0.016348839421613394,98.0947,,1,7,515577.0
1.2740824,0.8646012,0.9828767,0.09645194,0.38110787,0.0,1.0002652,0.66228443,,,1.0,38.695076,1.1604924,,3.4230754854694254,1.9289456864639545,4.527732074814399,0.0,0.0,0.02276769406392694,96.81338,,1,8,718002.0
1.0106986,0.9227324,0.28672555,0.28671893,0.5174114,0.0,0.9998902,0.43863478,,,1.0,35.578766,0.099122345,,3.7098010245715787,1.8352835280079596,5.176651379844629,0.0,0.0,0.025964167935058347,96.538605,,1,9,818806.0
1.0955143,1.1008353,0.31219867,0.31219867,0.61980927,0.0,0.99955183,0.3526607,,,1.0,39.369102,0.0879176,,4.021999692171288,1.8764651877802467,5.345449624258935,0.0,0.0,0.02702308472856418,96.399414,,1,10,852200.0
0.914519,1.0525595,0.32377982,0.32377133,0.6051343,0.0,1.0004189,0.3043638,,,1.0,33.70658,0.099122345,,4.345779521074778,1.8604113852372575,5.490808476239408,0.0,0.0,0.028441590563165906,96.196175,,1,11,896934.0
1.0527856,1.0410941,0.26139256,0.2613889,0.57263595,0.0,1.0000068,0.37839216,,,1.0,38.4264,0.034703314,,4.607172088369629,1.8361495969522679,5.564307812352174,0.0,0.0,0.030014269406392693,95.99997,,1,12,946530.0
,1.0057019,0.17889832,0.17889832,0.5799134,0.0,0.99976784,0.5780413,,,1.0,35.78609,0.09917476,,4.786070413679234,1.7728162713513798,5.709394408815212,0.0,0.0,0.03228630771182141,95.764725,,1,13,1018181.0
,0.8707239,0.17401996,0.17401996,0.58397347,0.0,1.0004016,0.55378956,,,1.0,34.650417,0.09380442,,4.960090380808626,1.7282910837909413,5.873998258788623,0.0,0.0,0.03411564561136479,95.579025,,1,14,1075871.0
1.0967757,1.1985968,0.3918511,0.3918352,0.51679236,0.0,0.9995192,0.37134787,,,1.0,38.02076,0.0958782,,5.351941464695862,1.7699166694977275,6.427345217943599,0.0,0.0,0.03611834094368341,95.2513,,1,15,1139028.0
,0.82848775,0.08683334,0.08683334,0.51679236,0.033333335,0.9897106,0.9812737,,,1.0,32.518204,0.09913283,,5.438774806036152,1.761948885145157,6.586599446533693,0.0,0.0,0.03703215372907154,95.11351,,1,16,1167846.0
1.0472398,0.9359456,0.5345341,0.16045815,0.4611084,0.0,1.0004649,0.55526924,,,1.0,39.14706,0.52997446,,5.973308905843978,1.7059867872066832,7.0645887682725705,0.0,0.0,0.04221144089294774,94.54678,,1,17,1331180.0
0.9674851,1.0077798,0.2831107,0.28310558,0.62519175,0.0,0.9993777,0.36370343,,,1.0,35.23022,0.099122345,,6.2564196142320005,1.6835240882761386,7.237006326485287,0.0,0.0,0.04410099568746829,94.38169,,1,18,1390769.0
1.0088283,1.0208135,0.31233028,0.3123195,0.5912032,0.0,1.0008599,0.3381563,,,1.0,38.045822,0.099122345,,6.568749877952906,1.7181674155317301,8.023736142124424,0.0,0.0,0.04593084094368341,94.07481,,1,19,1448475.0
0.9423141,0.98562264,0.27754426,0.2775405,0.60456485,0.0,0.999663,0.3498364,,,1.0,34.07944,0.08962274,,6.846294137916594,1.7147435669775382,8.173649264748441,0.0,0.0,0.047163305428716384,93.91511,,1,20,1487342.0
,1.2370892,0.15212137,0.15212137,0.5778471,0.0,1.0005509,0.6322431,,,1.0,34.36443,0.09354094,,6.998415505793818,1.721635439573384,8.333466319090626,0.0,0.0,0.04797406139015728,93.78185,,1,21,1512910.0
,0.9580273,0.21195835,0.21195835,0.5929658,0.0,0.9993071,0.50289375,,,1.0,39.173862,0.07566348,,7.210373847305892,1.7412286421671852,8.497251561183687,0.0,0.0,0.04882496194824962,93.67348,,1,22,1539744.0
1.1231465,1.1186613,0.52402955,0.3558466,0.45864525,0.0,0.9996177,0.5358551,,,1.0,38.41144,0.4698734,,7.734403388069682,1.788259192252182,9.154700635901257,0.0,0.0,0.05142294520547945,93.28481,,1,23,1621674.0
0.93486357,1.0951558,0.27319068,0.2731887,0.6253776,0.0,1.0003285,0.36804593,,,1.0,34.488068,0.07708963,,8.007594053064897,1.7845407727253695,9.287989415504738,0.0,0.0,0.05260128107559615,93.04757,,1,24,1658834.0
,,0.5007155,0.11675565,0.5073426,0.0,,0.31667283,,,1.0,28.609642,0.39432302,,0.5007155118736178,0.8968079072835343,0.02788630861136587,0.0,0.0,0.003121385083713851,99.72103,,2,0,98436.0
1.2146924,1.3157126,0.28687865,0.28686053,0.57322276,0.0,0.9994143,0.35287288,,,1.0,32.774055,0.099122345,,0.7875941627423422,0.7421102044857786,0.11984568636360014,0.0,0.0,0.00711960933536276,99.542046,,2,1,224524.0
1.0179949,0.76939976,0.26322287,0.26320788,0.51844805,0.0,1.0004165,0.29831794,,,1.0,27.317326,0.09914331,,1.0508170423086147,0.5663878648350642,0.25120332181349314,0.0,0.0,0.011844526889903602,99.198586,,2,2,373529.0
,1.0209112,0.14263046,0.14263028,0.52633625,0.0,1.0002077,0.63773185,,,1.0,31.44549,0.099122345,,1.193447502180874,0.6242099026870382,0.3823005650324686,0.0,0.0,0.013057458143074581,99.033035,,2,3,411780.0
,0.89650744,0.23584397,0.2358332,0.5072502,0.0,1.0004492,0.33326676,,,1.0,26.34627,0.099122345,,1.42929147042139,0.6451760531464746,0.4667318608841142,0.0,0.0,0.014687182902080162,98.91796,,2,4,463175.0
0.992505,1.054234,0.6185787,0.27068785,0.49091598,0.0,0.9991168,0.3313511,,,1.0,30.896282,0.5438708,,2.047870138664963,0.47160204343795337,0.973634556006448,0.0,0.0,0.030399226281075595,97.83176,,2,5,958670.0
,0.96098614,0.17034203,0.17033637,0.55112684,0.0,0.99983835,0.5681897,,,1.0,30.674421,0.08463684,,2.218212171692492,0.5009579457951159,1.0400190427005038,0.0,0.0,0.03184725393201421,97.700554,,2,6,1004335.0
,0.74430645,0.093730465,0.09372966,0.55112684,0.033333335,1.000345,0.69584155,,,1.0,23.520954,0.09914331,,2.3119426351251056,0.49651517421082464,1.1475245787649124,0.0,0.0,0.03346771943176053,97.53767,,2,7,1055438.0
1.0633007,1.3371439,0.2954954,0.29548797,0.5387657,0.0,0.99954855,0.31589153,,,1.0,32.44018,0.09913283,,2.6074380369387757,0.5080899897129104,1.2497611326412799,0.0,0.0,0.037195681126331814,97.37334,,2,8,1173003.0
,0.73698026,0.10908997,0.10908542,0.44679716,0.0,0.9999452,0.57307565,,,1.0,22.964615,0.09914331,,2.7165280065271227,0.5052704074667977,1.366492390894342,0.0,0.0,0.03878132927447996,97.146866,,2,9,1223008.0
,0.9855814,0.24306314,0.24306096,0.549978,0.0,0.99994373,0.38979623,,,1.0,31.293043,0.09913283,,2.959591140687152,0.4230926863636612,1.451379176217438,0.0,0.0,0.05092275494672755,96.624306,,2,10,1605900.0
,1.0669559,0.16714971,0.16714635,0.56635135,0.0,0.9999793,0.5251924,,,1.0,26.259409,0.099122345,,3.1267408484699644,0.3943826975664119,1.5598420262826092,0.0,0.0,0.0572668061897514,96.18853,,2,11,1805966.0
1.0528289,1.1671442,0.31511527,0.31510144,0.5895383,0.0,1.0001403,0.32362252,,,1.0,30.269197,0.099122345,,3.4418561107073753,0.3995786844827886,1.614710062857222,0.0,0.0,0.06223538178589549,95.96574,,2,12,1962655.0
1.2106084,0.7877152,0.10008721,0.28569278,0.2582486,0.0,0.99950033,0.8645846,,,1.0,31.365675,0.09913283,,3.541943324336897,0.4266907830127253,2.1572067981070564,0.0,0.0,0.06488895230847286,95.67808,,2,13,2046338.0
,0.95725447,0.24655087,0.24653669,0.5448863,0.0,0.99909323,0.31635493,,,1.0,23.231758,0.05944746,,3.788494194990863,0.43040859545022514,2.216152803067872,0.0,0.0,0.06645535261288686,95.48681,,2,14,2095736.0
,1.0411592,0.14704697,0.14704396,0.58030653,0.0,0.99999696,0.6502265,,,1.0,29.961485,0.099122345,,3.935541160308754,0.41222191932768687,2.3209442519607024,0.0,0.0,0.07268363140537798,95.124626,,2,15,2292151.0
1.1193405,1.1857952,0.29505396,0.29504886,0.52838993,0.0,0.99909586,0.25309083,,,1.0,24.586784,0.099122345,,4.230595126328124,0.3545563088841278,2.4348355424504255,0.0,0.0,0.0878072044647387,94.38488,,2,16,2769088.0
,0.7524837,0.16161811,0.16161062,0.4913585,0.0,0.99964976,0.442744,,,1.0,23.57715,0.02905301,,4.392213233765266,0.3595784828544815,2.4617568047913334,0.0,0.0,0.08851924784373415,94.25663,,2,17,2791543.0
1.0059325,0.99219316,0.26577955,0.2657695,0.5028319,0.0,0.99913126,0.2642443,,,1.0,22.35391,0.099122345,,4.657992796239552,0.3607956235280169,2.5609742425879025,0.0,0.0,0.09086494799594115,94.12823,,2,18,2865517.0
,0.8569157,0.18014061,0.18013526,0.33537963,0.0,0.99788266,0.6198009,,,1.0,32.01984,0.031186836,,4.838133408022442,0.37739707415541424,2.5966852850499516,0.0,0.0,0.09215474378488077,93.93226,,2,19,2906192.0
,0.9880601,0.12050432,0.12049803,0.50631875,0.0,0.99867934,0.7027504,,,1.0,28.878613,0.09913283,,4.958637724940796,0.3789492374766521,2.693274834515845,0.0,0.0,0.09497073186199899,93.76415,,2,20,2994997.0
0.99130386,1.2369933,0.25037414,0.25036603,0.53659713,0.0,0.9997526,0.31199136,,,1.0,24.743282,0.032341693,,5.209011851212239,0.38513389395749376,2.7265115717104687,0.0,0.0,0.09585952562151193,93.678055,,2,21,3023026.0
,1.0263969,0.12815344,0.12814887,0.524638,0.0,0.9996558,0.6618734,,,1.0,22.4524,0.09913283,,5.337165292289249,0.38516524821924686,2.7722218459602264,0.0,0.0,0.0980818429731101,93.52938,,2,22,3093109.0
,0.7934706,0.19548386,0.19547231,0.48582095,0.0,1.0012912,0.36967897,,,1.0,22.52231,0.09913283,,5.532649150844552,0.38885518546496733,2.8336825017662557,0.0,0.0,0.0995911973617453,93.443474,,2,23,3140708.0
1.3716044,0.8672746,0.6790124,0.27440062,0.38991174,0.0,0.99951524,0.46290317,,,1.0,28.24731,0.6882451,,6.21166158094169,0.4169007087960229,3.2994202279523512,0.0,0.0,0.10509636605783866,92.90846,,2,24,3314319.0
1.0370244,1.1271155,0.53991026,0.38560438,0.3145148,0.0,0.99979615,0.5757187,,,1.0,28.214556,0.4346118,,6.751571853270414,0.415115561861908,3.695991137750879,0.0,0.0,0.11777730213089802,92.06807,,2,25,3714225.0
,0.7475641,0.0529568,0.052950468,0.3145148,0.033333335,0.99889934,0.9852686,,,1.0,14.509253,0.055393096,,6.8045286544444785,0.40748801117267797,3.7210213438912745,0.0,0.0,0.12058577498731608,91.89041,,2,26,3802793.0
,0.93194896,0.09122107,0.09121545,0.3145148,0.06666667,0.9992258,0.8572448,,,1.0,23.781965,0.099153794,,6.895749723016769,0.40959779805542784,3.776847544506073,0.0,0.0,0.1221400304414003,91.83273,,2,27,3851808.0
,1.1799349,0.23731622,0.23731147,0.5047106,0.0,0.999533,0.31511697,,,1.0,24.965498,0.08925231,,7.133065951383906,0.41495508508416346,3.864098009743952,0.0,0.0,0.12314732369355658,91.75641,,2,28,3883574.0
0.8803003,1.0953618,0.54701245,0.15030737,0.37328863,0.0,1.0000288,0.4793618,,,1.0,26.262068,0.67586327,-0.39497373,7.680078377635427,0.43707985769504104,4.069383088817831,0.0,0.0,0.12637731481481482,91.29795,,2,29,3985435.0
,1.107328,0.1682115,0.1682047,0.5052155,0.0,1.0010451,0.5088953,,,1.0,27.209166,0.099122345,,7.8482898787319195,0.4240534446519944,4.131698715406125,0.0,0.0,0.13337303399289702,90.98053,,2,30,4206052.0
,0.7822067,0.17514007,0.17513396,0.4958546,0.0,0.9984698,0.43123373,,,1.0,24.912573,0.099122345,,8.023429948663676,0.4254470156233027,4.214196950616554,0.0,0.0,0.13531357813292744,90.83756,,2,31,4267249.0
,,0.46061966,0.46054986,0.6017195,0.0,,0.19996981,,,0.0,42.71484,3.472162e-05,,0.46061965340607686,3.4702009677152934,0.03026865809519836,0.0,0.0,0.0012005961440892947,100.0,6.903409771540876,3,0,37862.0
0.9762011,0.6949192,0.43586957,0.43583497,0.4122938,0.0,0.9989362,0.47566146,1.0,0.0,0.033333335,43.78148,0.04280891,,0.8964892237369034,2.869468521990766,0.5942447963231101,0.0,0.0,0.004083904109589041,98.950745,6.46754020121005,3,1,128790.0
0.6809246,0.8150734,0.662683,0.39511272,0.5858164,0.0,1.0004472,0.26715943,1.0,0.0,0.06666667,37.77942,0.3903828,,1.559172223849635,1.1456325875715343,1.015231654619832,0.0,0.0,0.0155501966007103,97.15091,5.8048572010973185,3,2,490391.0
0.89721483,0.9794997,0.43673444,0.4367222,0.607028,0.0,1.0004479,0.20783597,1.0,0.0,0.1,39.851524,0.063648365,,1.9959066622960469,0.8969011140787448,1.1569554299835112,0.0,0.0,0.02360369101978691,95.87422,5.3681227626509065,3,3,744366.0
,0.7973459,0.16810372,0.16809827,0.5459364,0.0,1.0007657,0.5019296,1.0,0.0,0.13333334,37.332653,0.086294495,,2.1640103917198505,0.7396406402898773,1.326651605293292,0.0,0.0,0.031240835870116692,94.56264,5.200019033227103,3,4,985211.0
0.75504726,1.1507545,0.2929262,0.29292458,0.5322087,0.0,1.0004767,0.38440415,1.0,0.0,0.16666667,41.415886,0.09913283,,2.456936582953808,0.8313311574407106,2.0016630274838914,0.0,0.0,0.03406785895484526,93.87933,4.907092841993146,3,5,1074364.0
0.8576268,1.0615941,0.34338516,0.34332034,0.56864154,0.0,0.99905777,0.2653948,1.0,0.0,0.2,39.770313,0.09914331,,2.8003217439760117,0.8810378105878998,2.17095934613558,0.0,0.0,0.03659614408929478,93.49315,4.563707680970942,3,6,1154096.0
1.6255704,1.1502681,0.7032133,0.20480509,0.5750122,0.0,1.0003222,0.27397132,1.0,0.0,0.23333333,40.453156,0.577861,,3.5035350238067804,0.901800950968264,3.1932672728202434,0.0,0.0,0.044894089294774224,91.67828,3.860494401140173,3,7,1415780.0
0.7836272,0.9064548,0.46239275,0.18215941,0.5583579,0.0,1.0006862,0.3997047,1.0,0.0,0.26666668,40.79279,0.39123628,,3.965927761166795,0.9824467337219768,3.6625921359823805,0.0,0.0,0.047374207255200404,91.02769,3.3981016637801584,3,8,1493993.0
0.90474147,0.84823895,0.34266403,0.3426364,0.5853614,0.0,0.9988732,0.25608313,1.0,0.0,0.3,37.720108,0.09143061,,4.308591803560023,0.921671857083704,3.8319771851726037,0.0,0.0,0.05364748224251649,90.21364,3.0554376213869308,3,9,1691827.0
0.93573713,1.142677,0.3079349,0.30791527,0.5705021,0.0,1.0001274,0.31534776,1.0,0.0,0.33333334,40.87559,0.09913283,,4.616526715030577,0.9705558550154068,4.1664292867174,0.0,0.0,0.055437468290208014,89.81354,2.7475027099163762,3,10,1748276.0
1.0898298,1.0288095,0.6811383,0.32773888,0.44808993,0.0,0.9998421,0.40334404,1.0,0.0,0.36666667,43.21193,0.49614197,,5.297664971176763,1.0689792536158684,4.843723186838892,0.0,0.0,0.059511510654490105,88.514114,2.0663644537701904,3,11,1876755.0
1.0142386,0.9075353,0.52545947,0.27856264,0.56028,0.0,0.9993967,0.33774826,1.0,0.0,0.4,40.497902,0.3408772,,5.823124417224364,1.0000148987114,5.229474386478181,0.0,0.0,0.06931598807711821,86.74318,1.5409050077225892,3,12,2185949.0
0.92700064,0.85424954,0.9185242,0.312922,0.5774223,0.0,1.0012273,0.31079593,1.0,0.0,0.43333334,41.44451,0.61109823,,6.741648599696622,0.8581362180248853,6.086491082413522,0.0,0.0,0.09375818112633182,82.81985,0.6223808252503318,3,13,2956758.0
,0.80439603,0.123528786,0.12352771,0.5149826,0.0,1.0013548,0.6847456,1.0,0.0,0.46666667,41.116856,0.011553372,,6.865177387446585,0.8299005955168335,6.223125222622269,0.0,0.0,0.09926354008117706,81.68658,0.49885203750036844,3,14,3130375.0
1.1633568,1.3758682,0.49885204,0.49880484,0.5912298,0.0,0.99951506,0.24079834,1.0,0.0,0.5,42.98081,0.060014416,,7.364029424946954,0.7501088750048585,6.806205701342881,0.0,0.0,0.11909785641806189,78.499916,0.0,3,15,3755870.0
,0.9681443,0.18168123,0.18168023,0.5567348,0.0,0.99873996,0.5165242,1.0,0.0,0.53333336,38.570488,0.09913283,,7.545710649607692,0.7591560256100279,7.033809610014686,0.0,0.0,0.12118883181126332,78.13252,0.0,3,16,3821811.0
1.1712586,1.0183544,0.7707098,0.37137204,0.288461,0.0,1.0002832,0.65354407,1.0,0.0,0.56666666,41.375584,0.9050332,,8.316420467613431,0.845667814535873,8.90083076546013,0.0,0.0,0.1302892567224759,75.82252,0.0,3,17,4108802.0
1.0953702,0.9627012,0.85752356,0.22716045,0.48255867,0.0,0.9993158,0.40427718,1.0,0.0,0.6,43.52137,0.6760399,,9.173944055356007,0.835890750487866,9.790170878645325,0.0,0.0,0.14662398528665652,72.64896,0.0,3,18,4623934.0
,0.96835446,0.23250234,0.23249911,0.59695977,0.0,1.0005604,0.4098279,1.0,0.0,0.6333333,37.88963,0.099122345,,9.406446393309277,0.8395030496501334,9.957321330155812,0.0,0.0,0.14893023845763573,72.25552,0.0,3,19,4696664.0
1.3669062,0.97700524,0.9669454,0.22118042,0.5720249,0.0,0.99937105,0.28335324,1.0,0.0,0.6666667,39.899704,0.6320903,,10.373391775264626,0.8415597622113228,10.514741424226257,0.0,0.0,0.15951702815829527,70.384735,0.0,3,20,5030529.0
,,0.30553526,0.30553466,0.6340871,0.0,,0.4699313,,,0.0,35.21188,3.472162e-05,,0.30553525458641845,2.171149270428988,0.01555111252171437,0.0,0.0,0.0007637620497209538,100.0,,4,0,24086.0
,0.8175901,0.13792741,0.13792741,0.6465307,0.0,0.99995863,0.9590561,1.0,0.0,0.033333335,27.751038,0.099122345,,0.4434626749475553,0.5862334771121147,0.10181724569871671,0.0,0.0,0.004782756215119229,99.75916,,4,1,150829.0
1.1183691,1.0733855,0.35996702,0.3599638,0.6352679,0.0,0.999672,0.35427198,1.0,0.0,0.06666667,29.254505,0.09913283,,0.8034297128813825,0.6365560312917512,0.26765748858536687,0.0,0.0,0.0068996702181633686,99.60737,,4,2,217588.0
0.9956351,1.1379522,0.28097403,0.29472038,0.5739731,0.0,1.0006877,0.5864337,1.0,0.0,0.1,35.317776,0.099122345,,1.0844037503579613,0.9402299777845977,0.7418201796155404,0.0,0.0,0.00912255834601725,99.23692,,4,3,287689.0
,0.775975,0.098019466,0.098019466,0.5739731,0.033333335,0.86692387,0.99947524,1.0,0.0,0.13333334,25.71366,0.099122345,,1.1824232174298,0.606633608705905,0.8235021335920634,0.0,0.0,0.015579813546423136,98.94779,,4,4,491325.0
,0.8961106,0.22023597,0.22023596,0.3979791,0.0,0.9995233,0.7326112,1.0,0.0,0.16666667,31.740252,0.099122345,,1.4026591935534671,0.633174857734448,0.9939439854625787,0.0,0.0,0.018499968290208016,98.69697,,4,5,583415.0
1.4787589,1.6801891,0.86099124,0.33489066,0.6844532,0.0,1.0004153,0.36017126,1.0,0.0,0.2,36.493404,0.5171666,,2.263650451412297,0.8576331190410373,1.3403815060995656,0.0,0.0,0.02120687468290208,98.19912,,4,6,668780.0
1.092853,1.278733,0.4734961,0.47349414,0.66496176,0.0,0.9999967,0.3081458,1.0,0.0,0.23333333,35.038597,0.0833066,,2.7371465642390795,0.9145712255305928,1.4863206593912268,0.0,0.0,0.02290119228817859,97.99692,,4,7,722212.0
0.97991997,1.1847237,0.32337365,0.32337305,0.64541423,0.0,0.9998913,0.48210567,1.0,0.0,0.26666668,36.744823,0.04313044,,3.0605202240706335,0.8352762529239027,1.5318274393043638,0.0,0.0,0.028013413242009132,97.5419,,4,8,883431.0
0.87981415,0.94664776,0.2802151,0.28021348,0.6151593,0.0,0.9996218,0.48139644,1.0,0.0,0.3,31.460712,0.09914331,,3.3407353376987152,0.857355228098479,1.6578823699550327,0.0,0.0,0.029552828513444953,97.311356,,4,9,931978.0
,0.7416564,0.06878795,0.06878795,0.6151593,0.033333335,0.71295595,0.999691,1.0,0.0,0.33333334,28.820175,0.08830972,,3.4095232872556385,0.8323132564937084,1.8280850357026899,0.0,0.0,0.031437468290208014,97.077034,,4,10,991412.0
1.0559722,0.9867899,0.27267808,0.27267808,0.6684263,0.0,0.99993163,0.60687166,1.0,0.0,0.36666667,38.004574,0.099122345,,3.6822013757956205,0.9242037384973476,2.4991555681882414,0.0,0.0,0.03343946600710299,96.82975,,4,11,1054547.0
,0.85617757,0.2383043,0.2383043,0.62662965,0.0,0.99910045,0.5416977,1.0,0.0,0.4,27.082863,0.09401515,,3.920505673565133,0.9325263271726352,2.5891761686588293,0.0,0.0,0.034384671486555045,96.677,,4,12,1084355.0
,0.7919224,0.20177324,0.20177324,0.62025446,0.0,1.0001478,0.6370931,1.0,0.0,0.43333334,29.13362,0.09914331,,4.122278908961629,0.891750654331306,2.708575475070597,0.0,0.0,0.03737858320649416,96.488434,,4,13,1178771.0
1.1434464,0.9086872,0.39439172,0.17555661,0.5428352,0.0,1.0002846,0.759172,1.0,0.0,0.46666667,38.73015,0.45503393,,4.516670638940371,0.9962756526383867,3.401100948844842,0.0,0.0,0.03953748097412481,96.00149,,4,14,1246854.0
,0.9138781,0.20420295,0.2042028,0.6068526,0.0,0.9999563,0.61360013,1.0,0.0,0.5,26.525614,0.09913283,,4.720873587700752,0.9500270037909936,3.488789781275298,0.0,0.0,0.04260213723997971,95.84927,,4,15,1343501.0
,0.952023,0.19718122,0.19718122,0.63186616,0.0,0.9999369,0.80675524,1.0,0.0,0.53333336,37.328663,0.099122345,,4.918054817995878,0.9812264787934155,3.6482390935828444,0.0,0.0,0.043979642313546424,95.71128,,4,16,1386942.0
0.87470245,1.0192083,0.3346122,0.3346122,0.5773406,0.0,1.0004228,0.53432345,1.0,0.0,0.56666666,33.369392,0.085381,,5.252667000262292,0.9605478954609655,4.198180787422303,0.0,0.0,0.0484814497716895,95.238556,,4,17,1528911.0
,0.8335107,0.08470577,0.08470577,0.5773406,0.033333335,0.67191434,0.9997539,1.0,0.0,0.6,31.850111,0.099122345,,5.3373727712825305,0.9526910790593062,4.3769001324365195,0.0,0.0,0.050098839421613396,95.02112,,4,18,1579917.0
,0.900931,0.10885377,0.10885377,0.37801746,0.0,0.7864374,0.9998672,1.0,0.0,0.6333333,34.94456,0.099122345,,5.4462265439938085,0.9587844913880852,4.470092767082286,0.0,0.0,0.05256062912227296,94.78622,,4,19,1657552.0
0.99684274,0.8934432,0.28755105,0.12400973,0.4663658,0.0,0.99983424,0.90122414,1.0,0.0,0.6666667,35.745884,0.5244272,,5.73377760329885,0.9367757056370857,5.5454777499836005,0.0,0.0,0.060331842973110096,94.14959,,4,20,1902625.0
0.9221676,1.0074168,0.3143753,0.3143744,0.4489041,0.0,1.0003515,0.6002602,1.0,0.0,0.7,34.355347,0.026655454,,6.048152926349244,0.9495475776652128,5.677010189353902,0.0,0.0,0.06238004185692542,93.82922,,4,21,1967217.0
,0.9008967,0.07161775,0.18020757,0.4489041,0.033333335,0.57445866,0.99975574,1.0,0.0,0.73333335,35.65502,0.073074035,,6.119770675344101,0.9644819826182067,6.176112542799967,0.0,0.0,0.06398049847792998,93.62943,,4,22,2017689.0
0.9612699,1.2444024,0.523082,0.082947195,0.604661,0.0,0.99995476,0.5166999,1.0,0.0,0.76666665,33.803238,0.62394345,,6.6428526720002745,0.9655312416874193,7.2007273893558015,0.0,0.0,0.0697277397260274,92.95241,,4,23,2198934.0
1.0032973,1.1830732,0.34780943,0.34780872,0.6355518,0.0,1.0000664,0.40989092,1.0,0.0,0.8,31.788435,0.099122345,,6.990662107731712,0.9584943378516585,7.299771890028895,0.0,0.0,0.07232952815829528,92.82248,,4,24,2280984.0
,,0.09996965,0.09996965,,1.0,,0.5782963,,,1.0,36.471466,3.472162e-05,,0.0999696457749684,2.293058833984727,0.042465999577778656,0.0,0.0,0.00040458523592085236,100.0,,5,0,12759.0
0.7126117,0.8970315,0.41620535,0.21467909,0.47127217,0.0,0.99965256,0.4003562,,,1.0,34.65925,0.43657342,,0.5161749796619557,1.386822116504692,0.5867728158709054,0.0,0.0,0.003922120750887874,99.50426,,5,1,123688.0
,1.0301629,0.18770333,0.18770333,0.6160082,0.0,0.99951524,0.30568868,,,1.0,27.702404,0.099122345,,0.7038783129533736,0.5441042546020615,0.6594412715844298,0.0,0.0,0.012242231100963978,98.94456,,5,2,386071.0
0.98108435,1.0615214,0.4783785,0.12320335,0.49522457,0.0,0.99981356,0.3478229,,,1.0,31.528458,0.5145478,,1.182256829290524,0.7417614925236409,1.1437504430313514,0.0,0.0,0.014536624809741248,98.44205,,5,3,458427.0
,0.81272745,0.09771203,0.09771203,0.49522457,0.033333335,1.0002879,0.5704285,,,1.0,27.462177,0.09913283,,1.279968860967062,0.6093364248111929,1.2598166345760655,0.0,0.0,0.019093924403855912,98.1455,,5,4,602146.0
1.0967592,1.0206181,0.25897434,0.25897434,0.6609967,0.0,0.9990686,0.23377727,,,1.0,31.954657,0.099122345,,1.5389432055663497,0.6510335715841001,1.3933024841363313,0.0,0.0,0.02055904363267377,98.01127,,5,5,648350.0
1.156122,1.2465175,1.1117814,0.6001794,0.5294143,0.0,1.0006431,0.2791766,,,0.0,30.742908,0.45555514,,2.6507245319812514,0.7222410144256538,1.9482989693962256,0.4194254487786833,0.0,0.02809671486555048,97.00824,,5,6,886058.0
1.0343097,1.0598481,0.29374585,0.29374585,0.6466946,0.0,1.0002624,0.1960147,1.0,0.0,0.033333335,33.44803,0.0014457137,,2.9444703674276806,0.754707859038172,1.9649085261226353,0.37758278660693917,0.0,0.028897545662100458,96.686714,,5,7,911313.0
1.0182455,1.1829855,0.3823566,0.3823557,0.6483382,0.0,0.99933976,0.152888,1.0,0.0,0.06666667,30.79891,0.099122345,,3.3268269884663457,0.7626616612687553,2.026940745600023,0.33418669809680385,0.0,0.031597602739726026,96.41183,,5,8,996462.0
,0.96595937,0.1707894,0.1707894,0.60029304,0.0,1.0002204,0.32610533,1.0,0.0,0.1,26.696133,0.09661404,,3.4976163886776432,0.7671129653333858,2.104460585373819,0.31786828596009553,0.0,0.03286926052765094,96.12267,,5,9,1036565.0
1.2453436,1.3993776,0.4961116,0.49610147,0.6566236,0.0,1.0002669,0.1099527,1.0,0.0,0.13333334,30.616346,0.099122345,,3.9937279975924644,0.792462926177495,2.249283105437231,0.2783818344877558,0.0,0.03482039573820396,95.946594,,5,10,1098096.0
1.1361444,1.0693967,0.42021036,0.42021036,0.67453015,0.0,0.9997916,0.16718048,1.0,0.0,0.16666667,38.470436,0.007931426,,4.4139383728887,0.7913664411280249,2.4581675997876524,0.251879666749243,0.0,0.039671898782343985,95.114655,,5,11,1251093.0
0.9069066,0.8421485,0.25052905,0.25052905,0.6342717,0.0,0.9990034,0.23478559,1.0,0.0,0.2,27.880732,0.09913283,,4.664467431327054,0.7995115489682527,2.544363328578271,0.23835118216241824,0.0,0.041079211060375445,95.023544,,5,12,1295474.0
1.509223,1.6615211,0.50981265,0.50980455,0.61413586,0.0,0.99974257,0.1638657,0.44424903,0.0,0.0,35.432823,0.06661969,,5.174280058403785,0.8226818696698377,2.6809101992886166,0.3133950878553486,0.0,0.044520865043125316,94.35069,,5,13,1404010.0
,0.8222333,0.10849515,0.10849515,0.57032514,0.0,1.0002772,0.44536486,0.44424903,0.0,0.033333335,25.989817,0.09129328,,5.2827752103972845,0.8188244066361849,2.802933580790687,0.30695872697745974,0.0,0.04562484145104008,94.26644,,5,14,1438825.0
,0.94128656,0.14599717,0.14599717,0.5860215,0.0,0.99960643,0.40688232,0.44424903,0.0,0.06666667,28.886625,0.09913283,,5.428772370004761,0.8106857079247445,2.8779702072606734,0.2987036189712648,0.0,0.04767024987316083,94.11608,,5,15,1503329.0
1.088223,1.2602077,0.43488973,0.43488783,0.6740596,0.0,1.0000072,0.1459713,0.44424903,0.0,0.1,34.70963,0.099153794,,5.863662108082357,0.7819723583175706,2.968284351039202,0.2765496925984973,0.0,0.053429128614916284,93.68104,,5,16,1684941.0
,1.2928046,0.058915403,0.058915403,0.6740596,0.033333335,0.99978495,0.80997914,0.44424903,0.0,0.13333334,23.667278,0.005747341,,5.922577509222923,0.7806444930225395,2.986504231738136,0.27379868831879506,0.0,0.05388873033992897,93.31748,,5,17,1699435.0
,0.8585409,0.18562482,0.18562482,0.64533234,0.0,0.99902475,0.34166363,0.44424903,0.0,0.16666667,29.50208,0.099122345,,6.108202325018429,0.740164688902135,3.061471686870726,0.2654781009544801,0.0,0.05877692161339421,93.01104,,5,18,1853589.0
0.97619367,0.9857226,0.30464596,0.30464596,0.6485394,0.0,0.9997501,0.22590263,0.44424903,0.0,0.2,34.56544,0.099122345,,6.412848292090955,0.7602833098317344,3.2019352880700565,0.2528664143656048,0.0,0.06084056316590563,92.80878,,5,19,1918668.0
1.176608,1.3207291,0.47453755,0.4745257,0.6224825,0.0,0.9996475,0.13223642,0.44424903,0.0,0.23333333,33.09702,0.05790852,,6.887385847773185,0.7764184021410517,3.3578539285809046,0.23544404064655722,0.0,0.06328928843226789,92.469986,,5,20,1995891.0
,0.8860172,0.08488849,0.08488849,0.6224825,0.033333335,0.9997381,0.73926306,0.44424903,0.0,0.26666668,38.298695,0.0042041135,,6.972274336225002,0.7849729118726714,3.4044448600046002,0.23257747404839096,0.0,0.06388625697615424,92.105354,,5,21,2014717.0
,0.84334666,0.13767137,0.13767137,0.62082386,0.0,1.0008395,0.3849784,0.44424903,0.0,0.3,26.15242,0.09491027,,7.109945706342,0.7857953710302419,3.5172400337012895,0.2280740276321924,0.0,0.06488939624556063,91.982605,,5,22,2046352.0
1.0224082,1.1939913,0.6019669,0.18212035,0.6035917,0.0,0.99965084,0.21754356,0.44424903,0.0,0.33333334,37.170723,0.4102146,,7.711912639989611,0.7853953742513317,3.6719309164192957,0.21027130741639435,0.0,0.07190204845256215,91.19424,,5,23,2267503.0
,0.8972419,0.2344726,0.2344726,0.5847464,0.0,0.99929446,0.21983501,0.44424903,0.0,0.36666667,29.359835,0.08059811,,7.946385240483857,0.7566440217794049,3.8027753628730885,0.20406686869775945,0.0,0.07632137874175546,90.779015,,5,24,2406871.0
1.1870637,1.3732488,0.6942632,0.3592188,0.54437184,0.0,0.99992627,0.27547896,0.44424903,0.0,0.4,35.79772,0.4887362,,8.640648483329457,0.7966561885903886,4.276290417301943,0.18767039957940657,0.0,0.08040506088280061,90.19407,,5,25,2535654.0
0.97449267,1.153229,0.58122855,0.38860327,0.4512279,0.0,1.0000153,0.429599,0.44424903,0.0,0.43333334,36.405495,0.49735335,,9.221877009706043,0.8405900225466739,4.8597791041448755,0.17584207117324402,0.0,0.08422859589041096,89.29327,,5,26,2656233.0
,1.0358042,0.2184386,0.2184386,0.63514847,0.0,1.0003018,0.31501195,0.44424903,0.0,0.46666667,35.346954,0.099122345,,9.440315606733032,0.8517647510020258,4.969757459208691,0.1717732776153244,0.0,0.08590591704718417,88.998,,5,27,2709129.0
1.0490004,1.0223536,0.39292863,0.39292848,0.61628646,0.0,0.99896175,0.14167531,0.44424903,0.0,0.5,29.789185,0.09614106,,9.833244224422135,0.8589552446345463,5.0919933369125685,0.16490935407301227,0.0,0.0873783295281583,88.75823,,5,28,2755563.0
1.2632921,1.4324667,0.47754148,0.47753385,0.5796643,0.0,0.9994994,0.2449198,0.44424903,0.0,0.53333336,39.66484,0.02737645,,10.310785686303008,0.9012797830035226,5.380923986408915,0.15727161855820365,0.0,0.0891925735667174,88.09364,,5,29,2812777.0
,0.93328047,0.19772398,0.19772398,0.60934365,0.0,1.0005664,0.30056998,0.44424903,0.0,0.56666666,29.978857,0.099122345,,10.508509664783533,0.8547228872885869,5.497506233154071,0.15431245773375196,0.0,0.09589526255707763,87.72983,,5,30,3024153.0
,,0.107601024,0.107601024,0.62160194,0.0,,0.99981564,,,1.0,38.7064,3.472162e-05,,0.10760102263403462,2.695187435894279,0.22832440011177438,0.0,0.0,0.0007754946727549467,100.0,3.5160358869850143,6,0,24456.0
1.0660926,0.9764737,0.15218823,0.15218744,0.55486804,0.0,1.2724597,0.8735251,,,1.0,35.781197,0.004434597,,0.25978924909453843,0.33465691549037485,0.26539912946487815,0.0,0.0,0.010229230086250634,98.976166,3.3638476605245105,6,1,322589.0
,1.213331,0.44756913,0.24174902,0.43527368,0.0,1.1189922,0.7358604,,,1.0,36.60894,0.38183153,,0.7073583778116119,0.2965558688304433,0.6751340357534013,0.0,0.0,0.032138064434297314,96.577385,2.916278531807437,6,2,1013506.0
0.8578083,1.2920265,0.5792016,0.3080302,0.5042712,0.0,0.9995851,0.6238343,,,1.0,38.00791,0.41030675,,1.2865599377753272,0.4124782607606831,1.0415396147881046,0.0,0.0,0.04055530187721969,95.28034,2.3370769718437217,6,3,1278952.0
,1.1163929,0.19410253,0.19410029,0.5844672,0.0,1.0004901,0.7959073,,,1.0,38.213707,0.09913283,,1.48066246695099,0.4778319140699668,1.3934444149643632,0.0,0.0,0.04178811516996449,95.15688,2.142974442668059,6,4,1317830.0
,0.9157326,0.1104433,0.1104433,0.61739254,0.0,0.7999408,0.9998222,,,1.0,37.90983,0.023008721,,1.5911057721350845,0.46996211664483967,1.6661833425057184,0.0,0.0,0.04722720065956367,94.3947,2.0325311374839643,6,5,1489357.0
0.9695831,1.0542294,0.4995969,0.3116854,0.57864773,0.0,1.0011976,0.5889374,,,1.0,38.931103,0.30917683,,2.090702666974879,0.37097625639343795,1.9553004259528228,0.0,0.0,0.07375279046169457,91.61252,1.5329342426441697,6,6,2325868.0
,0.9855941,0.16922896,0.16922556,0.56144994,0.0,1.0004388,0.8610717,,,1.0,40.335445,0.0032124273,,2.2599316303293246,0.384222583338113,2.0666479968024443,0.0,0.0,0.07732702308472857,91.0182,1.3637052792897242,6,7,2438585.0
,0.99226665,0.21157838,0.21157104,0.55468506,0.0,1.0004132,0.6891053,,,1.0,38.67193,0.06450597,,2.471510008649717,0.40868215862671803,2.317111049066145,0.0,0.0,0.0800265728056824,90.6297,1.152126900969332,6,8,2523718.0
0.94106895,1.0453694,0.5119247,0.18949425,0.5830615,0.0,1.0001855,0.5946798,,,1.0,39.3585,0.34803706,,2.9834346829228062,0.3119326097575755,2.5729978386608123,0.0,0.0,0.1236017567224759,85.878685,0.6402022266962426,6,9,3897905.0
,0.85078895,0.23197335,0.23196608,0.5561134,0.0,0.99974144,0.59435296,,,1.0,34.88879,0.03267781,,3.215408035227898,0.32275310338405006,2.652415063765188,0.0,0.0,0.1250052638254693,85.58996,0.40822887439115085,6,10,3942166.0
,0.8987717,0.1227191,0.12271662,0.52637327,0.0,0.99954814,0.9509891,,,1.0,31.887543,0.058978386,,3.338127136702258,0.2171105959407506,2.7446647770444437,0.0,0.0,0.19143268011161846,81.03774,0.2855097729167908,6,11,6037021.0
0.92577136,1.2471752,0.28550977,0.28550673,0.5676536,0.0,0.9995938,0.47524166,,,1.0,33.17635,0.099122345,,3.623636909619049,0.2100046720467771,2.916541974416295,0.0,0.0,0.2077138825469305,79.67323,0.0,6,12,6550465.0
1.0229307,1.0482821,0.26279524,0.26277253,0.5791199,0.0,1.0003617,0.579466,,,1.0,36.30497,0.099122345,,3.8864321522878855,0.21137950976772057,3.0774220728308284,0.0,0.0,0.21989320142059868,78.440384,0.0,6,13,6934552.0
0.98553634,0.88332564,0.28571165,0.28569806,0.5572798,0.0,0.99993193,0.5093669,,,1.0,35.479336,0.099122345,,4.172143798206424,0.2204409942753928,3.2256471123267305,0.0,0.0,0.2230316780821918,77.98752,0.0,6,14,7033527.0
1.1089258,0.9720038,0.33690834,0.33690265,0.6260643,0.0,1.0006975,0.487055,,,1.0,37.786537,0.04482508,,4.5090521266364645,0.22809044130913508,3.295239745517601,0.0,0.0,0.22846359715880263,77.39207,0.0,6,15,7204828.0
,1.0237921,0.16948897,0.16948725,0.5349905,0.0,0.9998469,0.76385087,,,1.0,32.296886,0.027905602,,4.678541095722099,0.22771488007065607,3.3442829629983124,0.0,0.0,0.23441958396752918,76.72545,0.0,6,16,7392656.0
0.93001264,1.2381002,0.2990244,0.2990017,0.59983146,0.0,0.9998777,0.48063758,,,1.0,32.29984,0.099153794,,4.977565485990687,0.2379806658897585,3.8771031358992825,0.0,0.0,0.2381390474378488,76.25813,0.0,6,17,7509953.0
0.9838799,1.1287662,0.27074492,0.2707388,0.6131821,0.0,0.99989593,0.5961259,,,1.0,36.765095,0.099122345,,5.248310394084931,0.2276947511718228,4.0505708229109345,0.0,0.0,0.26112220953830545,74.00199,0.0,6,18,8234750.0
,1.0135187,0.20908718,0.20908262,0.5715483,0.0,1.0002371,0.7048393,,,1.0,35.838444,0.07536297,,5.457397566269104,0.23386665555406502,4.165980362517792,0.0,0.0,0.26359563673262304,73.60219,0.0,6,19,8312752.0
,0.93027943,0.14367683,0.14367463,0.31116572,0.0,0.9997689,0.9451039,,,1.0,34.227055,0.0901517,,5.601074396772638,0.21688141220584575,4.316560266189346,0.0,0.0,0.2961976788432268,71.11606,0.0,6,20,9340890.0
,1.0264356,0.16110368,0.16110337,0.5877828,0.0,1.0000966,0.9155353,,,1.0,35.396847,0.099122345,,5.762178079833893,0.2194492919411749,4.490305003492638,0.0,0.0,0.3019097856418062,70.566345,0.0,6,21,9521027.0
,1.0706763,0.24237569,0.24237154,0.59776664,0.0,1.0005835,0.58792174,,,1.0,31.198833,0.099153794,,6.00455377308462,0.2221276290394798,4.638361648533267,0.0,0.0,0.3059192034500254,70.176056,0.0,6,22,9647468.0
,0.8211754,0.09413837,0.094131276,0.59776664,0.033333335,0.97264624,0.9961333,,,1.0,27.365007,0.067106836,,6.0986921427493055,0.22084879028039084,4.7191016842361115,0.0,0.0,0.31152568493150684,69.72378,0.0,6,23,9824274.0
0.91500986,0.9272799,0.30152577,0.30152398,0.6067765,0.0,0.99962866,0.49523672,,,1.0,33.427517,0.09914331,,6.400217923574855,0.22357498886279326,4.8491174047553125,0.0,0.0,0.31782150558092337,69.30918,0.0,6,24,10022819.0
0.89057595,1.0777286,0.31164438,0.31160715,0.5832775,0.0,0.99951696,0.444996,,,1.0,31.391823,0.099122345,,6.711862302462578,0.22143017796898484,5.015420215429772,0.0,0.0,0.33068350456621004,68.09863,0.0,6,25,10428435.0
0.88121414,0.9607645,0.27024916,0.2702264,0.46531624,0.0,0.9994748,0.652067,,,1.0,35.08132,0.039999433,,6.982111459467496,0.22223964180374162,5.082041645874565,0.0,0.0,0.3430361491628615,66.9763,0.0,6,26,10817988.0
0.8044979,1.0193653,0.34035107,0.340331,0.58228487,0.0,0.999715,0.417719,,,1.0,33.165443,0.09913283,,7.3224625202173454,0.21769375819164166,5.236821253610218,0.0,0.0,0.3615779426686961,65.800674,0.0,6,27,11402722.0
,0.89674133,0.247652,0.24764173,0.54869294,0.0,1.000229,0.57785654,,,1.0,37.538364,0.024692612,,7.570114511191701,0.21534618153073426,5.298338041914213,0.0,0.0,0.3761004249112126,64.30806,0.0,6,28,11860703.0
,1.0851724,0.22416824,0.2241635,0.56778663,0.0,0.99975145,0.6281751,,,1.0,32.246235,0.07317086,,7.794282753009563,0.21631411664636171,5.400768637657887,0.0,0.0,0.3822644279553526,63.671516,0.0,6,29,12055091.0
0.9515299,0.9587814,0.28675646,0.2867519,0.5861102,0.0,1.0001276,0.5005576,,,1.0,31.82639,0.068728946,,8.081039212429369,0.21641159910441618,5.476717527733981,0.0,0.0,0.39062664890918314,63.011993,0.0,6,30,12318802.0
,0.88563687,0.12329828,0.12329828,0.5284872,0.0,1.000022,0.9762286,,,1.0,35.09131,0.024376392,,8.204337490273158,0.21904178231025195,5.5291638208033085,0.0,0.0,0.39200808599695586,62.751472,0.0,6,31,12362367.0
1.0177855,1.2762531,0.34942183,0.34941185,0.59702086,0.0,1.0001689,0.42796046,,,1.0,35.223526,0.099122345,,8.55375932881534,0.22455156219506722,5.705470084614648,0.0,0.0,0.3946607369355657,62.508976,0.0,6,32,12446021.0
,0.90700144,0.14282069,0.14281699,0.49490884,0.0,1.0000035,0.80034274,,,1.0,33.000774,0.031209273,,8.696580015575483,0.2263640254036759,5.7788064191119295,0.0,0.0,0.39701334982242514,62.119286,0.0,6,33,12520213.0
0.8982975,1.0597866,0.30139253,0.30136222,0.5703722,0.0,1.0000978,0.45952037,,,1.0,32.371674,0.099122345,,8.997972535828442,0.23046452963972655,5.94442660537413,0.0,0.0,0.3998367579908676,61.869194,0.0,6,34,12609252.0
,0.85294235,0.13468993,0.13468562,0.5445053,0.0,0.9998904,0.9285237,,,1.0,30.541536,0.099122345,,9.132662462898368,0.2296279185484182,6.10432491815777,0.0,0.0,0.40704268138001015,61.124126,0.0,6,35,12836498.0
,,0.052582994,0.052582994,,1.0,,0.9996049,,,1.0,32.00372,3.472162e-05,,0.05258299562822047,1.6953844049498958,0.023130355539101536,0.0,0.0,0.0002992453069507864,100.0,,7,0,9437.0
0.61860275,0.81958836,0.21780078,0.21779948,0.5561359,0.0,1.4703174,0.49082956,,,1.0,34.925175,0.09913283,,0.27038377187532514,0.39346110296598796,0.1745160706650218,0.0,0.0,0.006634100710299341,99.64604,,7,1,209213.0
1.2375659,1.4288242,0.41730216,0.41728127,0.5719736,0.0,1.1890676,0.277863,,,1.0,38.59183,0.0931825,,0.6876859305292393,0.6730247562727285,0.4099179693523827,0.0,0.0,0.00984601725012684,99.35127,,7,2,310504.0
0.7993338,1.0539585,0.3053195,0.3053165,0.54766876,0.0,1.0004001,0.33709309,,,1.0,37.695515,0.005344489,,0.9930054127520693,0.6259590978706034,0.4419568665879187,0.0,0.0,0.013873033992897006,98.80522,,7,3,437500.0
,1.0213611,0.12217602,0.12217602,0.5975213,0.0,1.0010289,0.8975908,,,1.0,34.77771,0.025877547,,1.1151814327696208,0.6826627314984908,0.4966449538821638,0.0,0.0,0.014432363013698631,98.624146,,7,4,455139.0
0.8304159,0.8980335,0.5338062,0.19403224,0.54196095,0.0,0.99999326,0.38076642,,,1.0,36.39284,0.34484482,,1.6489876352571984,0.6910349844263983,0.6873453200190418,0.0,0.0,0.020074898528665654,98.04734,,7,5,633082.0
1.4373013,0.9302263,0.7884102,0.29741925,0.573435,0.0,1.0007504,0.2989236,,,1.0,40.511875,0.47739092,,2.4373978226635296,0.5852397815982188,0.9393143645186682,0.0,0.0,0.03737033866057839,96.38232,,7,6,1178511.0
0.9228374,0.91133255,0.3061186,0.3061186,0.5550636,0.0,1.0007343,0.34194085,,,1.0,37.955223,0.008103651,,2.743516432662269,0.6206804776385055,0.9771039377214669,0.0,0.0,0.038621416793505836,96.11258,,7,7,1217965.0
0.93444973,0.9073435,0.2748602,0.2748602,0.5737661,0.0,0.99954385,0.3972197,,,1.0,34.699215,0.09914331,,3.0183766451855734,0.5007616266644845,1.112002717932792,0.0,0.0,0.05231322932521563,95.122116,,7,8,1649750.0
1.1016501,1.1373456,0.83079714,0.1205926,0.44489223,0.0,1.000712,0.5085663,,,1.0,39.875988,0.80972576,,3.849173784195818,0.6471812244653747,1.99114851004334,0.0,0.0,0.05808114535768645,94.00959,,7,9,1831647.0
1.068821,1.156238,1.0482796,0.33687553,0.5668168,0.0,0.9991752,0.3302979,,,1.0,39.665016,0.6632844,,4.897453428367685,0.6610756269556413,2.506326389353355,0.0,0.0,0.07303304160324708,92.5593,,7,10,2303170.0
0.80312175,0.8971241,0.25790653,0.25788593,0.53589535,0.0,1.0003086,0.3977381,,,1.0,35.877018,0.045356143,,5.155359958755114,0.6745595033103056,2.6127946318865263,0.0,0.0,0.07465667808219179,92.22225,,7,11,2354373.0
1.02164,1.152463,0.37357894,0.37356353,0.5621318,0.0,0.9997221,0.28707877,,,1.0,36.427223,0.07569566,,5.528938896902729,0.6876621512553163,2.7510269525035262,0.0,0.0,0.0773083777270421,91.95131,,7,12,2437997.0
1.1912903,0.97225475,0.65105647,0.25693735,0.56214124,0.0,1.0002209,0.3534314,,,1.0,41.4368,0.34944984,,6.179995364480149,0.7142568734577479,2.8925102905199496,0.0,0.0,0.0830085933536276,91.15575,,7,13,2617759.0
1.0228033,1.0147986,0.27455884,0.27455834,0.5657706,0.0,0.9996618,0.4050481,,,1.0,37.115894,0.09856666,,6.454554214556262,0.7267834566017191,3.0786155672843205,0.0,0.0,0.08507806950786403,90.88427,,7,14,2683022.0
0.9773593,0.91314614,0.81127137,0.20116353,0.4639638,0.0,0.99998283,0.49589044,,,1.0,39.138702,0.79692835,,7.265825607160171,0.7753010613203108,4.2179403739899195,0.0,0.0,0.09414624556062912,89.59182,,7,15,2968996.0
0.9938929,0.9344136,0.3546264,0.35460457,0.5849347,0.0,0.9999822,0.33397686,,,1.0,39.195766,0.089273475,,7.6204519930728605,0.7984408729691025,4.404282739827867,0.0,0.0,0.09586431380010148,89.3835,,7,16,3023177.0
,0.8442851,0.16569223,0.16569223,0.52821326,0.0,0.99969035,0.63255376,,,1.0,37.556896,0.04264256,,7.786144222507503,0.8090634903052407,4.518596467605999,0.0,0.0,0.09692893835616438,89.11702,,7,17,3056751.0
1.0445412,0.95397085,0.2582456,0.25824398,0.57915074,0.0,1.0002481,0.45008457,,,1.0,38.354015,0.084402844,,8.044389811889728,0.7989549905581529,4.698495332221136,0.0,0.0,0.10142418188736682,88.653625,,7,18,3198513.0
,0.7885664,0.118651554,0.118651554,0.5915823,0.0,1.0000049,0.9868295,,,1.0,36.446465,0.099122345,,8.163041367858716,0.8021135117901211,4.859793802910456,0.0,0.0,0.10355831430745814,88.3542,,7,19,3265815.0
,0.87751067,0.10624191,0.10624191,0.56595874,0.0,1.0004001,0.98261774,,,1.0,35.43773,0.055677764,,8.269283280043288,0.8102920149884307,4.965924872519076,0.0,0.0,0.10417097919837646,88.225426,,7,20,3285136.0
,0.9283351,0.23931158,0.23930793,0.56040734,0.0,0.99994624,0.4650761,,,1.0,37.020443,0.066933654,,8.508594861911488,0.8254589277558718,5.109854929267873,0.0,0.0,0.1051287100456621,88.13371,,7,21,3315339.0
,0.9376505,0.18629365,0.18629304,0.546328,0.0,1.0000385,0.6445505,,,1.0,40.715855,0.083764404,,8.694888510640896,0.8448611652408823,5.338163763998297,0.0,0.0,0.1061580098934551,87.939026,,7,22,3347799.0
,0.99777436,0.24391684,0.24390973,0.5464839,0.0,1.0001246,0.4407846,,,1.0,36.436325,0.079241104,,8.938805354150153,0.8365160600752507,5.486003943547759,0.0,0.0,0.10985495941146627,87.552895,,7,23,3464386.0
1.0884215,1.2108123,0.5390061,0.08172831,0.5695025,0.0,0.9998516,0.39526284,,,1.0,39.637955,0.4617521,,9.477811449977022,0.8375638800059666,5.770035410571538,0.0,0.0,0.11715953196347031,86.589294,,7,24,3694743.0
,0.80788034,0.09391206,0.093911655,0.5695025,0.033333335,1.0001622,0.95411885,,,1.0,35.879143,0.08250762,,9.571723510021565,0.8205541713330361,5.959335040673445,0.0,0.0,0.12151709157787925,86.219955,,7,25,3832163.0
1.0958134,0.9762029,0.33108583,0.33108285,0.5430904,0.0,1.0000316,0.33440307,,,1.0,39.66562,0.08456239,,9.902809339573114,0.8345449348716624,6.141226978163291,0.0,0.0,0.12330381151699644,86.04338,,7,26,3888509.0
1.0349158,0.99419147,0.48128295,0.19727577,0.5568422,0.0,0.99937814,0.49209628,,,1.0,39.63272,0.40261382,,10.384092286730478,0.8466856077661525,6.540742009443321,0.0,0.0,0.1285677638254693,85.328514,,7,27,4054513.0
,0.899701,0.17771094,0.17770988,0.5444507,0.0,0.9995488,0.6056926,,,1.0,34.985577,0.099122345,,10.561803226382784,0.8377985742331467,6.697931380009187,0.0,0.0,0.13218600963977675,84.9968,,7,28,4168618.0
0.9903058,0.9180448,0.2773927,0.2773886,0.53778994,0.0,1.0007429,0.3842114,,,1.0,36.904408,0.098189026,,10.839195910877075,0.8233877062541445,6.887147810407346,0.0,0.0,0.13754680365296804,84.51972,,7,29,4337676.0
,0.9224094,0.27844864,0.1452457,0.5271205,0.0,1.0000466,0.82828003,,,1.0,40.93591,0.29789022,,11.117644556032833,0.7901275970948493,7.325009934595086,0.0,0.0,0.15000225139523085,83.117355,,7,30,4730471.0
